<?xml version="1.0" encoding="UTF-8" ?>
	  
<!-- Default logging config file for LogBack logging.  It is overridden by logback-actual.xml.  
     This file's settings are only in effect until edu.vt.ipg.dataadapter.App.loggingSetup() runs.
  -->
<configuration>

  <appender name="STDOUT" class="ch.qos.logback.core.ConsoleAppender">
    <!-- encoders are assigned the type
         ch.qos.logback.classic.encoder.PatternLayoutEncoder by default -->
    <encoder>
      <pattern>%d{HH:mm:ss.SSS} [%thread] %-5level %logger{36} - %msg%n</pattern>
    </encoder>
  </appender>
  
  <root level="WARN">
    <appender-ref ref="STDOUT" />
  </root>
</configuration>