<?xml version="1.0" encoding="utf-8"?><wsdl:definitions name="ShakerService" targetNamespace="http://vlds.com/Shaker/IShakerService" xmlns:wsdl="http://schemas.xmlsoap.org/wsdl/" xmlns:soap="http://schemas.xmlsoap.org/wsdl/soap/" xmlns:soapenc="http://schemas.xmlsoap.org/soap/encoding/" xmlns:wsu="http://docs.oasis-open.org/wss/2004/01/oasis-200401-wss-wssecurity-utility-1.0.xsd" xmlns:xsd="http://www.w3.org/2001/XMLSchema" xmlns:soap12="http://schemas.xmlsoap.org/wsdl/soap12/" xmlns:tns="http://vlds.com/Shaker/IShakerService" xmlns:wsa="http://schemas.xmlsoap.org/ws/2004/08/addressing" xmlns:wsp="http://schemas.xmlsoap.org/ws/2004/09/policy" xmlns:i0="http://tempuri.org/" xmlns:wsap="http://schemas.xmlsoap.org/ws/2004/08/addressing/policy" xmlns:wsaw="http://www.w3.org/2006/05/addressing/wsdl" xmlns:msc="http://schemas.microsoft.com/ws/2005/12/wsdl/contract" xmlns:wsa10="http://www.w3.org/2005/08/addressing" xmlns:wsx="http://schemas.xmlsoap.org/ws/2004/09/mex" xmlns:wsam="http://www.w3.org/2007/05/addressing/metadata"><wsdl:import namespace="http://tempuri.org/" location="http://localhost:33996/ShakerService.svc?wsdl=wsdl0"/><wsdl:types><xsd:schema targetNamespace="http://vlds.com/Shaker/IShakerService/Imports"><xsd:import schemaLocation="http://localhost:33996/ShakerService.svc?xsd=xsd0" namespace="http://vlds.com/Shaker/IShakerService"/><xsd:import schemaLocation="http://localhost:33996/ShakerService.svc?xsd=xsd2" namespace="http://schemas.datacontract.org/2004/07/ShakerWCF"/><xsd:import schemaLocation="http://localhost:33996/ShakerService.svc?xsd=xsd1" namespace="http://schemas.microsoft.com/2003/10/Serialization/"/></xsd:schema></wsdl:types><wsdl:message name="IShakerService_SubmitPackage_InputMessage"><wsdl:part name="parameters" element="tns:SubmitPackage"/></wsdl:message><wsdl:message name="IShakerService_SubmitPackage_OutputMessage"><wsdl:part name="parameters" element="tns:SubmitPackageResponse"/></wsdl:message><wsdl:message name="IShakerService_SubmitPackage_ConnectionFaultFault_FaultMessage"><wsdl:part name="detail" element="q1:ConnectionFault" xmlns:q1="http://schemas.datacontract.org/2004/07/ShakerWCF"/></wsdl:message><wsdl:message name="IShakerService_SubmitPackage_ShakerOperationFaultFault_FaultMessage"><wsdl:part name="detail" element="q2:ShakerOperationFault" xmlns:q2="http://schemas.datacontract.org/2004/07/ShakerWCF"/></wsdl:message><wsdl:message name="IShakerService_SubmitResultsToCRM_InputMessage"><wsdl:part name="parameters" element="tns:SubmitResultsToCRM"/></wsdl:message><wsdl:message name="IShakerService_SubmitResultsToCRM_OutputMessage"><wsdl:part name="parameters" element="tns:SubmitResultsToCRMResponse"/></wsdl:message><wsdl:message name="IShakerService_SubmitResultsToCRM_ShakerOperationFaultFault_FaultMessage"><wsdl:part name="detail" element="q3:ShakerOperationFault" xmlns:q3="http://schemas.datacontract.org/2004/07/ShakerWCF"/></wsdl:message><wsdl:message name="IShakerService_SubmitResultsToCRM_ConnectionFaultFault_FaultMessage"><wsdl:part name="detail" element="q4:ConnectionFault" xmlns:q4="http://schemas.datacontract.org/2004/07/ShakerWCF"/></wsdl:message><wsdl:message name="IShakerService_GetZIP2FIPS_InputMessage"><wsdl:part name="parameters" element="tns:GetZIP2FIPS"/></wsdl:message><wsdl:message name="IShakerService_GetZIP2FIPS_OutputMessage"><wsdl:part name="parameters" element="tns:GetZIP2FIPSResponse"/></wsdl:message><wsdl:portType name="IShakerService"><wsdl:operation name="SubmitPackage"><wsdl:input wsaw:Action="http://vlds.com/Shaker/IShakerService/IShakerService/SubmitPackage" message="tns:IShakerService_SubmitPackage_InputMessage"/><wsdl:output wsaw:Action="http://vlds.com/Shaker/IShakerService/IShakerService/SubmitPackageResponse" message="tns:IShakerService_SubmitPackage_OutputMessage"/><wsdl:fault wsaw:Action="http://vlds.com/Shaker/IShakerService/IShakerService/SubmitPackageConnectionFaultFault" name="ConnectionFaultFault" message="tns:IShakerService_SubmitPackage_ConnectionFaultFault_FaultMessage"/><wsdl:fault wsaw:Action="http://vlds.com/Shaker/IShakerService/IShakerService/SubmitPackageShakerOperationFaultFault" name="ShakerOperationFaultFault" message="tns:IShakerService_SubmitPackage_ShakerOperationFaultFault_FaultMessage"/></wsdl:operation><wsdl:operation name="SubmitResultsToCRM"><wsdl:input wsaw:Action="http://vlds.com/Shaker/IShakerService/IShakerService/SubmitResultsToCRM" message="tns:IShakerService_SubmitResultsToCRM_InputMessage"/><wsdl:output wsaw:Action="http://vlds.com/Shaker/IShakerService/IShakerService/SubmitResultsToCRMResponse" message="tns:IShakerService_SubmitResultsToCRM_OutputMessage"/><wsdl:fault wsaw:Action="http://vlds.com/Shaker/IShakerService/IShakerService/SubmitResultsToCRMShakerOperationFaultFault" name="ShakerOperationFaultFault" message="tns:IShakerService_SubmitResultsToCRM_ShakerOperationFaultFault_FaultMessage"/><wsdl:fault wsaw:Action="http://vlds.com/Shaker/IShakerService/IShakerService/SubmitResultsToCRMConnectionFaultFault" name="ConnectionFaultFault" message="tns:IShakerService_SubmitResultsToCRM_ConnectionFaultFault_FaultMessage"/></wsdl:operation><wsdl:operation name="GetZIP2FIPS"><wsdl:input wsaw:Action="http://vlds.com/Shaker/IShakerService/IShakerService/GetZIP2FIPS" message="tns:IShakerService_GetZIP2FIPS_InputMessage"/><wsdl:output wsaw:Action="http://vlds.com/Shaker/IShakerService/IShakerService/GetZIP2FIPSResponse" message="tns:IShakerService_GetZIP2FIPS_OutputMessage"/></wsdl:operation></wsdl:portType><wsdl:service name="ShakerService"><wsdl:port name="BasicHttpBinding_IShakerService" binding="i0:BasicHttpBinding_IShakerService"><soap:address location="http://localhost:33996/ShakerService.svc"/></wsdl:port></wsdl:service></wsdl:definitions>